column	type	plain_pages	rle_dict_pages	comparison_windows	rows_compared	plain_window_wins	rle_dict_window_wins	tie_window_wins	plain_window_win_pct	rle_dict_window_win_pct	tie_window_win_pct	plain_rows_won	rle_dict_rows_won	tie_rows_won	plain_row_win_pct	rle_dict_row_win_pct	tie_row_win_pct	plain_allocated_compressed_bytes	rle_dict_allocated_compressed_bytes_with_amortized_dictionary	rle_dict_allocated_to_plain_ratio	best_pagewise_allocated_compressed_bytes	best_pagewise_savings_vs_plain_bytes	best_pagewise_allocated_to_plain_ratio	uncompressed_bytes_for_ratio	plain_zstd_aggregate_to_uncompressed_ratio	rle_dict_zstd_aggregate_to_uncompressed_ratio	best_pagewise_zstd_aggregate_to_uncompressed_ratio	rle_dict_ratio_advantage_vs_plain	absolute_plain_rle_ratio_difference	winner_by_allocated_bytes	rle_dict_allocated_compressed_bytes_without_dictionary_pages	rle_dict_without_dictionary_allocated_to_plain_ratio	winner_without_dictionary_pages	rle_dict_without_dictionary_overhead_flip_window_wins	rle_dict_without_dictionary_overhead_flip_window_win_pct	rle_dict_without_dictionary_overhead_flip_rows	rle_dict_without_dictionary_overhead_flip_row_pct	plain_total_page_compressed_bytes	rle_dict_total_page_compressed_bytes_with_amortized_dictionary	rle_dict_total_page_compressed_bytes_without_dictionary_pages	exact_matched_pages	exact_plain_wins	exact_rle_dict_wins	exact_ties	unmatched_plain_pages	unmatched_rle_dict_pages	plain_zstd_to_uncompressed_ratio_count	plain_zstd_to_uncompressed_ratio_min	plain_zstd_to_uncompressed_ratio_median	plain_zstd_to_uncompressed_ratio_max	rle_dict_zstd_to_uncompressed_ratio_count	rle_dict_zstd_to_uncompressed_ratio_min	rle_dict_zstd_to_uncompressed_ratio_median	rle_dict_zstd_to_uncompressed_ratio_max	plain_win_plain_zstd_to_uncompressed_ratio_count	plain_win_plain_zstd_to_uncompressed_ratio_min	plain_win_plain_zstd_to_uncompressed_ratio_median	plain_win_plain_zstd_to_uncompressed_ratio_max	plain_win_rle_dict_zstd_to_uncompressed_ratio_count	plain_win_rle_dict_zstd_to_uncompressed_ratio_min	plain_win_rle_dict_zstd_to_uncompressed_ratio_median	plain_win_rle_dict_zstd_to_uncompressed_ratio_max	rle_dict_win_rle_dict_zstd_to_uncompressed_ratio_count	rle_dict_win_rle_dict_zstd_to_uncompressed_ratio_min	rle_dict_win_rle_dict_zstd_to_uncompressed_ratio_median	rle_dict_win_rle_dict_zstd_to_uncompressed_ratio_max	rle_dict_win_plain_zstd_to_uncompressed_ratio_count	rle_dict_win_plain_zstd_to_uncompressed_ratio_min	rle_dict_win_plain_zstd_to_uncompressed_ratio_median	rle_dict_win_plain_zstd_to_uncompressed_ratio_max
Title	STRING	576	60	635	1000000	3	632	0	0.472441	99.527559	0.000000	17791	982209	0	1.779100	98.220900	0.000000	13939135.000000	7975230.000000	0.572147	7936989.263855	6002145.736145	0.569403	142869584.000000	0.097565	0.055822	0.055554	0.041744	0.041744	rle-dict	1060830.000000	0.076104	rle-dict	3	0.472441	17791	1.779100	13939135.000000	7975230.000000	1060830.000000	0	0	0	0	576	60	635	0.032807	0.099502	0.194557	635	0.014437	0.055935	0.132086	3	0.034208	0.049715	0.052039	3	0.114345	0.127402	0.132086	632	0.014437	0.055891	0.068429	632	0.032807	0.099570	0.194557
Referer	STRING	352	60	411	1000000	18	393	0	4.379562	95.620438	0.000000	50233	949767	0	5.023300	94.976700	0.000000	14218039.000000	11752116.000000	0.826564	11704390.612368	2513648.387632	0.823207	83647728.000000	0.169975	0.140495	0.139925	0.029480	0.029480	rle-dict	1240861.000000	0.087274	rle-dict	18	4.379562	50233	5.023300	14218039.000000	11752116.000000	1240861.000000	0	0	0	0	352	60	411	0.072144	0.139882	0.283201	411	0.041164	0.102904	0.381163	18	0.076406	0.210713	0.224366	18	0.099918	0.219645	0.381163	393	0.041164	0.102152	0.238244	393	0.072144	0.138819	0.283201
URL	STRING	390	60	449	1000000	22	427	0	4.899777	95.100223	0.000000	44586	955414	0	4.458600	95.541400	0.000000	15306955.000000	12707286.000000	0.830164	12638231.029206	2668723.970794	0.825653	92652677.000000	0.165208	0.137150	0.136404	0.028058	0.028058	rle-dict	1530667.000000	0.099998	rle-dict	22	4.899777	44586	4.458600	15306955.000000	12707286.000000	1530667.000000	0	0	0	0	390	60	449	0.098711	0.176355	0.261668	449	0.073487	0.146652	0.250311	22	0.138043	0.197248	0.215488	22	0.186115	0.209387	0.250311	427	0.073487	0.140912	0.211778	427	0.098711	0.175042	0.261668
TraficSourceID	INT(16,true)	57	60	116	1000000	1	115	0	0.862069	99.137931	0.000000	639	999361	0	0.063900	99.936100	0.000000	288326.000000	178371.000000	0.618643	178356.447644	109969.552356	0.618593	4003588.000000	0.072017	0.044553	0.044549	0.027464	0.027464	rle-dict	174937.000000	0.606733	rle-dict	0	0.000000	0	0.000000	288326.000000	178371.000000	174937.000000	0	0	0	0	57	60	116	0.053903	0.078419	0.113471	116	0.034709	0.045153	0.063982	1	0.057398	0.057398	0.057398	1	0.063086	0.063086	0.063086	115	0.034709	0.045150	0.063982	115	0.053903	0.078419	0.113471
IsRefresh	INT(16,true)	57	60	116	1000000	4	112	0	3.448276	96.551724	0.000000	29594	970406	0	2.959400	97.040600	0.000000	178941.000000	84103.000000	0.470004	83938.110970	95002.889030	0.469083	4003587.000000	0.044695	0.021007	0.020966	0.023688	0.023688	rle-dict	81943.000000	0.457933	rle-dict	0	0.000000	0	0.000000	178941.000000	84103.000000	81943.000000	0	0	0	0	57	60	116	0.004760	0.014311	0.079629	116	0.004690	0.010894	0.033132	4	0.004760	0.006312	0.010814	4	0.006460	0.007645	0.012261	112	0.004690	0.011598	0.033132	112	0.004760	0.047359	0.079629
IsArtifical	INT(16,true)	57	60	116	1000000	39	77	0	33.620690	66.379310	0.000000	326111	673889	0	32.611100	67.388900	0.000000	164989.000000	82436.000000	0.499645	81790.279729	83198.720271	0.495732	4003586.000000	0.041210	0.020591	0.020429	0.020620	0.020620	rle-dict	80276.000000	0.486554	rle-dict	27	23.275862	258530	25.853000	164989.000000	82436.000000	80276.000000	0	0	0	0	57	60	116	0.001801	0.065389	0.078560	116	0.002397	0.032716	0.034559	39	0.001801	0.002520	0.003194	39	0.002415	0.002963	0.008518	77	0.002397	0.032892	0.034559	77	0.002599	0.067223	0.078560
RefererRegionID	INT(32,true)	57	60	116	1000000	0	116	0	0.000000	100.000000	0.000000	0	1000000	0	0.000000	100.000000	0.000000	231356.000000	165218.000000	0.714129	165218.000000	66138.000000	0.714129	4003586.000000	0.057787	0.041268	0.041268	0.016520	0.016520	rle-dict	158387.000000	0.684603	rle-dict	0	0.000000	0	0.000000	231356.000000	165218.000000	158387.000000	0	0	0	0	57	60	116	0.048082	0.056353	0.081600	116	0.033819	0.041274	0.050052	0	0.000000	0.000000	0.000000	0	0.000000	0.000000	0.000000	116	0.033819	0.041274	0.050052	116	0.048082	0.056353	0.081600
RefererCategoryID	INT(16,true)	57	60	116	1000000	1	115	0	0.862069	99.137931	0.000000	639	999361	0	0.063900	99.936100	0.000000	275135.000000	216084.000000	0.785374	216019.631208	59115.368792	0.785140	4003585.000000	0.068722	0.053973	0.053957	0.014750	0.014750	rle-dict	201983.000000	0.734123	rle-dict	0	0.000000	0	0.000000	275135.000000	216084.000000	201983.000000	0	0	0	0	57	60	116	0.054476	0.070105	0.106856	116	0.043009	0.053601	0.081739	1	0.056569	0.056569	0.056569	1	0.081729	0.081729	0.081729	115	0.043009	0.053418	0.081739	115	0.054476	0.070105	0.106856
OriginalURL	STRING	151	60	210	1000000	38	172	0	18.095238	81.904762	0.000000	107992	892008	0	10.799200	89.200800	0.000000	5323588.000000	4887325.000000	0.918051	4787860.199727	535727.800273	0.899367	31856344.000000	0.167112	0.153418	0.150295	0.013695	0.013695	rle-dict	361291.000000	0.067866	rle-dict	37	17.619048	107353	10.735300	5323588.000000	4887325.000000	361291.000000	0	0	0	0	151	60	210	0.062913	0.169155	0.251733	210	0.052371	0.147267	1.941704	38	0.062913	0.181083	0.228109	38	0.069551	0.200349	1.941704	172	0.052371	0.140239	0.219979	172	0.062913	0.153546	0.251733
FlashMinor2	STRING	57	60	116	1000000	0	116	0	0.000000	100.000000	0.000000	0	1000000	0	0.000000	100.000000	0.000000	246539.000000	146647.000000	0.594823	146647.000000	99892.000000	0.594823	7357828.000000	0.033507	0.019931	0.019931	0.013576	0.013576	rle-dict	138036.000000	0.559895	rle-dict	0	0.000000	0	0.000000	246539.000000	146647.000000	138036.000000	0	0	0	0	57	60	116	0.028893	0.032768	0.044681	116	0.016811	0.019726	0.026607	0	0.000000	0.000000	0.000000	0	0.000000	0.000000	0.000000	116	0.016811	0.019726	0.026607	116	0.028893	0.032768	0.044681
SearchPhrase	STRING	57	60	116	1000000	18	98	0	15.517241	84.482759	0.000000	145597	854403	0	14.559700	85.440300	0.000000	719930.000000	636259.000000	0.883779	633845.799424	86084.200576	0.880427	7534820.000000	0.095547	0.084442	0.084122	0.011105	0.011105	rle-dict	156207.000000	0.216975	rle-dict	18	15.517241	145597	14.559700	719930.000000	636259.000000	156207.000000	0	0	0	0	57	60	116	0.005774	0.054836	0.122632	116	0.008087	0.052021	0.115169	18	0.005774	0.041345	0.048485	18	0.008500	0.046123	0.053449	98	0.008087	0.097044	0.115169	98	0.017068	0.112724	0.122632
Income	INT(16,true)	57	60	116	1000000	2	114	0	1.724138	98.275862	0.000000	807	999193	0	0.080700	99.919300	0.000000	122679.000000	89413.000000	0.728837	89405.661621	33273.338379	0.728777	4003583.000000	0.030642	0.022333	0.022331	0.008309	0.008309	rle-dict	86781.000000	0.707383	rle-dict	1	0.862069	168	0.016800	122679.000000	89413.000000	86781.000000	0	0	0	0	57	60	116	0.021676	0.030052	0.047282	116	0.017827	0.021802	0.032224	2	0.021676	0.024058	0.026439	2	0.021933	0.025586	0.029240	114	0.017827	0.021723	0.032224	114	0.021676	0.030116	0.047282
DontCountHits	INT(16,true)	57	60	116	1000000	40	76	0	34.482759	65.517241	0.000000	379813	620187	0	37.981300	62.018700	0.000000	82558.000000	50501.000000	0.611703	49229.595890	33328.404110	0.596303	4003587.000000	0.020621	0.012614	0.012296	0.008007	0.008007	rle-dict	48341.000000	0.585540	rle-dict	9	7.758621	66543	6.654300	82558.000000	50501.000000	48341.000000	0	0	0	0	57	60	116	0.003143	0.028040	0.080267	116	0.003556	0.016890	0.034630	40	0.003143	0.003691	0.004572	40	0.003663	0.004615	0.029094	76	0.003556	0.018382	0.034630	76	0.003744	0.029747	0.080267
BrowserCountry	STRING	57	60	116	1000000	0	116	0	0.000000	100.000000	0.000000	0	1000000	0	0.000000	100.000000	0.000000	122222.000000	69669.000000	0.570020	69669.000000	52553.000000	0.570020	7328499.000000	0.016678	0.009507	0.009507	0.007171	0.007171	rle-dict	65666.000000	0.537268	rle-dict	0	0.000000	0	0.000000	122222.000000	69669.000000	65666.000000	0	0	0	0	57	60	116	0.012504	0.016097	0.027505	116	0.007027	0.009404	0.014698	0	0.000000	0.000000	0.000000	0	0.000000	0.000000	0.000000	116	0.007027	0.009404	0.014698	116	0.012504	0.016097	0.027505
UserAgentMinor	STRING	57	60	116	1000000	0	116	0	0.000000	100.000000	0.000000	0	1000000	0	0.000000	100.000000	0.000000	137050.000000	83983.000000	0.612791	83983.000000	53067.000000	0.612791	7770883.000000	0.017636	0.010807	0.010807	0.006829	0.006829	rle-dict	75488.000000	0.550806	rle-dict	0	0.000000	0	0.000000	137050.000000	83983.000000	75488.000000	0	0	0	0	57	60	116	0.012545	0.016190	0.033219	116	0.008133	0.010339	0.018464	0	0.000000	0.000000	0.000000	0	0.000000	0.000000	0.000000	116	0.008133	0.010339	0.018464	116	0.012545	0.016190	0.033219
Sex	INT(16,true)	57	60	116	1000000	0	116	0	0.000000	100.000000	0.000000	0	1000000	0	0.000000	100.000000	0.000000	107976.000000	80827.000000	0.748564	80827.000000	27149.000000	0.748564	4003585.000000	0.026970	0.020189	0.020189	0.006781	0.006781	rle-dict	78427.000000	0.726337	rle-dict	0	0.000000	0	0.000000	107976.000000	80827.000000	78427.000000	0	0	0	0	57	60	116	0.020872	0.026469	0.037453	116	0.017851	0.019772	0.026863	0	0.000000	0.000000	0.000000	0	0.000000	0.000000	0.000000	116	0.017851	0.019772	0.026863	116	0.020872	0.026469	0.037453
SearchEngineID	INT(16,true)	57	60	116	1000000	27	89	0	23.275862	76.724138	0.000000	203249	796751	0	20.324900	79.675100	0.000000	101613.000000	76937.000000	0.757157	76319.336155	25293.663845	0.751078	4003584.000000	0.025381	0.019217	0.019063	0.006163	0.006163	rle-dict	72420.000000	0.712704	rle-dict	22	18.965517	160878	16.087800	101613.000000	76937.000000	72420.000000	0	0	0	0	57	60	116	0.002362	0.011550	0.044685	116	0.003048	0.011078	0.036244	27	0.002362	0.009303	0.010581	27	0.003048	0.009939	0.011110	89	0.003049	0.027671	0.036244	89	0.005740	0.038989	0.044685
Age	INT(16,true)	57	60	116	1000000	3	113	0	2.586207	97.413793	0.000000	17288	982712	0	1.728800	98.271200	0.000000	142624.000000	118882.000000	0.833534	118854.987432	23769.012568	0.833345	4003586.000000	0.035624	0.029694	0.029687	0.005930	0.005930	rle-dict	115768.000000	0.811701	rle-dict	2	1.724138	16649	1.664900	142624.000000	118882.000000	115768.000000	0	0	0	0	57	60	116	0.026478	0.033813	0.054771	116	0.025211	0.028437	0.044509	3	0.026478	0.026478	0.036231	3	0.026610	0.027062	0.043291	113	0.025211	0.028457	0.044509	113	0.030634	0.033813	0.054771
IsLink	INT(16,true)	57	60	116	1000000	56	60	0	48.275862	51.724138	0.000000	505429	494571	0	50.542900	49.457100	0.000000	56781.000000	37020.000000	0.651979	36151.515728	20629.484272	0.636683	4003557.000000	0.014183	0.009247	0.009030	0.004936	0.004936	rle-dict	34972.000000	0.615910	rle-dict	42	36.206897	500650	50.065000	56781.000000	37020.000000	34972.000000	0	0	0	0	57	60	116	0.000953	0.016386	0.031456	116	0.001346	0.010743	0.019569	56	0.000953	0.001095	0.001130	56	0.001346	0.001460	0.010743	60	0.009714	0.017751	0.019569	60	0.016317	0.029100	0.031456
ResolutionDepth	INT(16,true)	57	60	116	1000000	9	107	0	7.758621	92.241379	0.000000	89540	910460	0	8.954000	91.046000	0.000000	82090.000000	62736.000000	0.764234	61945.277684	20144.722316	0.754602	4003587.000000	0.020504	0.015670	0.015472	0.004834	0.004834	rle-dict	60088.000000	0.731977	rle-dict	0	0.000000	0	0.000000	82090.000000	62736.000000	60088.000000	0	0	0	0	57	60	116	0.009183	0.022385	0.032891	116	0.011478	0.016123	0.023140	9	0.009183	0.010279	0.016240	9	0.011478	0.013136	0.022112	107	0.011480	0.016679	0.023140	107	0.011494	0.023343	0.032891
SilverlightVersion2	INT(16,true)	57	60	116	1000000	8	108	0	6.896552	93.103448	0.000000	59183	940817	0	5.918300	94.081700	0.000000	74028.000000	56776.000000	0.766953	56513.760041	17514.239959	0.763411	4003586.000000	0.018490	0.014181	0.014116	0.004309	0.004309	rle-dict	54616.000000	0.737775	rle-dict	1	0.862069	16568	1.656800	74028.000000	56776.000000	54616.000000	0	0	0	0	57	60	116	0.010871	0.018706	0.032467	116	0.011630	0.014056	0.021685	8	0.010871	0.011889	0.019306	8	0.012405	0.012851	0.021106	108	0.011630	0.014097	0.021685	108	0.013243	0.019271	0.032467
URLCategoryID	INT(16,true)	57	60	116	1000000	7	109	0	6.034483	93.965517	0.000000	16054	983946	0	1.605400	98.394600	0.000000	87570.000000	72205.000000	0.824540	72150.152356	15419.847644	0.823914	4003585.000000	0.021873	0.018035	0.018021	0.003838	0.003838	rle-dict	65260.000000	0.745232	rle-dict	5	4.310345	14784	1.478400	87570.000000	72205.000000	65260.000000	0	0	0	0	57	60	116	0.005652	0.022226	0.042632	116	0.004354	0.016820	0.039292	7	0.006160	0.007050	0.038179	7	0.006381	0.016821	0.038635	109	0.004354	0.016820	0.039292	109	0.005652	0.022902	0.042632
ClientTimeZone	INT(16,true)	57	60	116	1000000	2	114	0	1.724138	98.275862	0.000000	1315	998685	0	0.131500	99.868500	0.000000	99924.000000	85542.000000	0.856071	85497.327759	14426.672241	0.855624	4003582.000000	0.024959	0.021366	0.021355	0.003592	0.003592	rle-dict	79993.000000	0.800538	rle-dict	1	0.862069	676	0.067600	99924.000000	85542.000000	79993.000000	0	0	0	0	57	60	116	0.015544	0.026502	0.045605	116	0.013392	0.022731	0.039660	2	0.017551	0.022882	0.028213	2	0.028364	0.031608	0.034852	114	0.013392	0.022296	0.039660	114	0.015544	0.026502	0.045605
FlashMinor	INT(16,true)	57	60	116	1000000	28	88	0	24.137931	75.862069	0.000000	229133	770867	0	22.913300	77.086700	0.000000	126766.000000	114356.000000	0.902103	110016.344111	16749.655889	0.867869	4003586.000000	0.031663	0.028563	0.027479	0.003100	0.003100	rle-dict	110521.000000	0.871850	rle-dict	3	2.586207	17100	1.710000	126766.000000	114356.000000	110521.000000	0	0	0	0	57	60	116	0.015032	0.032311	0.046765	116	0.024083	0.027724	0.037961	28	0.015032	0.025241	0.029074	28	0.025748	0.027310	0.035435	88	0.024083	0.027878	0.037961	88	0.027385	0.033349	0.046765
JavaEnable	INT(16,true)	57	60	116	1000000	13	103	0	11.206897	88.793103	0.000000	99698	900302	0	9.969800	90.030200	0.000000	63644.000000	51484.000000	0.808937	51220.430348	12423.569652	0.804796	4003583.000000	0.015897	0.012859	0.012794	0.003037	0.003037	rle-dict	49324.000000	0.774998	rle-dict	5	4.310345	55241	5.524100	63644.000000	51484.000000	49324.000000	0	0	0	0	57	60	116	0.010717	0.016066	0.025773	116	0.010419	0.012575	0.019884	13	0.010717	0.011323	0.018383	13	0.010896	0.012137	0.019884	103	0.010419	0.012590	0.019078	103	0.010971	0.016984	0.025773
UserAgent	INT(16,true)	57	60	116	1000000	36	80	0	31.034483	68.965517	0.000000	276895	723105	0	27.689500	72.310500	0.000000	135169.000000	125928.000000	0.931634	119679.883676	15489.116324	0.885409	4003586.000000	0.033762	0.031454	0.029893	0.002308	0.002308	rle-dict	120598.000000	0.892202	rle-dict	9	7.758621	40329	4.032900	135169.000000	125928.000000	120598.000000	0	0	0	0	57	60	116	0.018515	0.034056	0.055991	116	0.026148	0.030164	0.052285	36	0.018515	0.025026	0.051680	36	0.026256	0.030010	0.052285	80	0.026148	0.030394	0.052276	80	0.028766	0.035858	0.055991
IsNotBounce	INT(16,true)	57	60	116	1000000	102	14	0	87.931034	12.068966	0.000000	874119	125881	0	87.411900	12.588100	0.000000	25193.000000	17680.000000	0.701782	15935.485282	9257.514718	0.632536	4003535.000000	0.006293	0.004416	0.003980	0.001877	0.001877	rle-dict	15628.000000	0.620331	rle-dict	70	60.344828	742589	74.258900	25193.000000	17680.000000	15628.000000	0	0	0	0	57	60	116	0.000953	0.001149	0.067074	116	0.001346	0.001694	0.037166	102	0.000953	0.001128	0.033331	102	0.001346	0.001579	0.035353	14	0.001691	0.032638	0.037166	14	0.001787	0.057113	0.067074
AdvEngineID	INT(16,true)	57	60	116	1000000	51	65	0	43.965517	56.034483	0.000000	431822	568178	0	43.182200	56.817800	0.000000	30696.000000	23249.000000	0.757395	22361.574263	8334.425737	0.728485	4003573.000000	0.007667	0.005807	0.005585	0.001860	0.001860	rle-dict	20921.000000	0.681555	rle-dict	37	31.896552	291415	29.141500	30696.000000	23249.000000	20921.000000	0	0	0	0	57	60	116	0.001298	0.003198	0.015532	116	0.001784	0.004446	0.010419	51	0.001298	0.001962	0.003198	51	0.001784	0.002436	0.004638	65	0.001784	0.009070	0.010419	65	0.001962	0.013152	0.015532
URLRegionID	INT(32,true)	57	60	116	1000000	8	108	0	6.896552	93.103448	0.000000	44477	955523	0	4.447700	95.552300	0.000000	48124.000000	40697.000000	0.845670	40598.589844	7525.410156	0.843625	4003587.000000	0.012020	0.010165	0.010141	0.001855	0.001855	rle-dict	35976.000000	0.747569	rle-dict	5	4.310345	24449	2.444900	48124.000000	40697.000000	35976.000000	0	0	0	0	57	60	116	0.005608	0.009349	0.020306	116	0.004517	0.007979	0.019778	8	0.005608	0.006428	0.016864	8	0.006442	0.007317	0.016909	108	0.004517	0.008203	0.019778	108	0.005608	0.010655	0.020306
SilverlightVersion1	INT(16,true)	57	60	116	1000000	31	85	0	26.724138	73.275862	0.000000	269583	730417	0	26.958300	73.041700	0.000000	90600.000000	84773.000000	0.935684	81236.149018	9363.850982	0.896646	4003585.000000	0.022630	0.021174	0.020291	0.001455	0.001455	rle-dict	81744.000000	0.902252	rle-dict	4	3.448276	37912	3.791200	90600.000000	84773.000000	81744.000000	0	0	0	0	57	60	116	0.011178	0.023295	0.038629	116	0.017464	0.020763	0.031274	31	0.011178	0.016975	0.024439	31	0.017467	0.019333	0.027913	85	0.017464	0.021764	0.031274	85	0.017644	0.024974	0.038629
FromTag	STRING	57	60	116	1000000	63	53	0	54.310345	45.689655	0.000000	572451	427549	0	57.245100	42.754900	0.000000	28372.000000	22821.000000	0.804349	21535.898599	6836.101401	0.759055	4048288.000000	0.007008	0.005637	0.005320	0.001371	0.001371	rle-dict	18130.000000	0.639010	rle-dict	19	16.379310	58449	5.844900	28372.000000	22821.000000	18130.000000	0	0	0	0	57	60	116	0.000648	0.002648	0.018763	116	0.001139	0.003279	0.013185	63	0.000648	0.000758	0.003787	63	0.001139	0.001319	0.005181	53	0.003277	0.011230	0.013185	53	0.003787	0.014835	0.018763
FlashMajor	INT(16,true)	57	60	116	1000000	35	81	0	30.172414	69.827586	0.000000	321814	678186	0	32.181400	67.818600	0.000000	53604.000000	49164.000000	0.917170	47100.095242	6503.904758	0.878668	4003586.000000	0.013389	0.012280	0.011764	0.001109	0.001109	rle-dict	46142.000000	0.860794	rle-dict	11	9.482759	139864	13.986400	53604.000000	49164.000000	46142.000000	0	0	0	0	57	60	116	0.010068	0.013326	0.018213	116	0.009516	0.012567	0.015636	35	0.010068	0.011506	0.014368	35	0.011339	0.013473	0.015635	81	0.009516	0.011589	0.015636	81	0.012378	0.013916	0.018213
HasGCLID	INT(16,true)	57	60	116	1000000	61	55	0	52.586207	47.413793	0.000000	504977	495023	0	50.497700	49.502300	0.000000	21186.000000	17019.000000	0.803314	15786.219834	5399.780166	0.745125	4003558.000000	0.005292	0.004251	0.003943	0.001041	0.001041	rle-dict	14983.000000	0.707212	rle-dict	16	13.793103	148180	14.818000	21186.000000	17019.000000	14983.000000	0	0	0	0	57	60	116	0.000942	0.002522	0.011600	116	0.001498	0.003192	0.009593	61	0.000942	0.000982	0.009452	61	0.001498	0.001617	0.009593	55	0.001814	0.006649	0.009493	55	0.002522	0.009415	0.011600
HistoryLength	INT(16,true)	57	60	116	1000000	89	27	0	76.724138	23.275862	0.000000	865995	134005	0	86.599500	13.400500	0.000000	55137.000000	51071.000000	0.926256	47865.160027	7271.839973	0.868113	4003572.000000	0.013772	0.012756	0.011956	0.001016	0.001016	rle-dict	46690.000000	0.846800	rle-dict	68	58.620690	790221	79.022100	55137.000000	51071.000000	46690.000000	0	0	0	0	57	60	116	0.001235	0.001998	0.156900	116	0.001492	0.002234	0.151351	89	0.001235	0.001895	0.131915	89	0.001492	0.002269	0.140369	27	0.001492	0.002111	0.151351	27	0.001643	0.002601	0.156900
IsMobile	INT(16,true)	57	60	116	1000000	33	83	0	28.448276	71.551724	0.000000	297984	702016	0	29.798400	70.201600	0.000000	28686.000000	24770.000000	0.863487	24165.592671	4520.407329	0.842418	4003583.000000	0.007165	0.006187	0.006036	0.000978	0.000978	rle-dict	22610.000000	0.788189	rle-dict	18	15.517241	186736	18.673600	28686.000000	24770.000000	22610.000000	0	0	0	0	57	60	116	0.003748	0.007297	0.011317	116	0.004329	0.006241	0.010787	33	0.003748	0.005672	0.009367	33	0.004329	0.006279	0.010787	83	0.004329	0.006240	0.010756	83	0.004653	0.007982	0.011317
HitColor	STRING	57	60	116	1000000	47	69	0	40.517241	59.482759	0.000000	344752	655248	0	34.475200	65.524800	0.000000	29173.000000	25054.000000	0.858808	23654.904363	5518.095637	0.810849	5002901.000000	0.005831	0.005008	0.004728	0.000823	0.000823	rle-dict	22594.000000	0.774483	rle-dict	28	24.137931	225289	22.528900	29173.000000	25054.000000	22594.000000	0	0	0	0	57	60	116	0.001208	0.002415	0.043844	116	0.001274	0.003346	0.030877	47	0.001208	0.002182	0.023139	47	0.001326	0.003525	0.030817	69	0.001274	0.003312	0.030877	69	0.001289	0.003615	0.043844
BrowserLanguage	STRING	57	60	116	1000000	19	97	0	16.379310	83.620690	0.000000	108497	891503	0	10.849700	89.150300	0.000000	32361.000000	27773.000000	0.858224	27651.269085	4709.730915	0.854463	6004438.000000	0.005390	0.004625	0.004605	0.000764	0.000764	rle-dict	22921.000000	0.708291	rle-dict	17	14.655172	107690	10.769000	32361.000000	27773.000000	22921.000000	0	0	0	0	57	60	116	0.002387	0.004806	0.009101	116	0.002538	0.004423	0.007294	19	0.002387	0.002958	0.005753	19	0.002632	0.003198	0.006173	97	0.002538	0.005098	0.007294	97	0.002804	0.005986	0.009101
UTMSource	STRING	57	60	116	1000000	41	75	0	35.344828	64.655172	0.000000	367562	632438	0	36.756200	63.243800	0.000000	21033.000000	18473.000000	0.878287	17226.943712	3806.056288	0.819044	4053208.000000	0.005189	0.004558	0.004250	0.000632	0.000632	rle-dict	13363.000000	0.635335	rle-dict	31	26.724138	293720	29.372000	21033.000000	18473.000000	13363.000000	0	0	0	0	57	60	116	0.000641	0.005433	0.009508	116	0.001305	0.004928	0.006590	41	0.000641	0.003255	0.004604	41	0.001305	0.004271	0.005760	75	0.001364	0.005193	0.006590	75	0.002347	0.006597	0.009508
UTMMedium	STRING	57	60	116	1000000	39	77	0	33.620690	66.379310	0.000000	328680	671320	0	32.868000	67.132000	0.000000	16986.000000	14496.000000	0.853409	13706.174968	3279.825032	0.806910	4019934.000000	0.004225	0.003606	0.003410	0.000619	0.000619	rle-dict	11433.000000	0.673084	rle-dict	27	23.275862	228017	22.801700	16986.000000	14496.000000	11433.000000	0	0	0	0	57	60	116	0.000641	0.004264	0.007664	116	0.001305	0.003778	0.005581	39	0.000641	0.002619	0.005385	39	0.001305	0.003250	0.005581	77	0.001367	0.004102	0.005551	77	0.002040	0.005335	0.007664
UTMCampaign	STRING	57	60	116	1000000	39	77	0	33.620690	66.379310	0.000000	363098	636902	0	36.309800	63.690200	0.000000	29858.000000	27397.000000	0.917577	25503.422860	4354.577140	0.854157	4097442.000000	0.007287	0.006686	0.006224	0.000601	0.000601	rle-dict	15967.000000	0.534765	rle-dict	29	25.000000	288256	28.825600	29858.000000	27397.000000	15967.000000	0	0	0	0	57	60	116	0.000641	0.008040	0.011798	116	0.001305	0.007282	0.009934	39	0.000641	0.004914	0.008241	39	0.001305	0.006322	0.009934	77	0.001362	0.007452	0.008876	77	0.003504	0.009296	0.011798
MobilePhoneModel	STRING	57	60	116	1000000	39	77	0	33.620690	66.379310	0.000000	334137	665863	0	33.413700	66.586300	0.000000	22607.000000	20619.000000	0.912063	20203.466699	2403.533301	0.893682	4084882.000000	0.005534	0.005048	0.004946	0.000487	0.000487	rle-dict	16740.000000	0.740479	rle-dict	32	27.586207	322458	32.245800	22607.000000	20619.000000	16740.000000	0	0	0	0	57	60	116	0.003068	0.005731	0.011062	116	0.003162	0.004940	0.008838	39	0.003068	0.004153	0.008173	39	0.003293	0.004823	0.008711	77	0.003162	0.005150	0.008838	77	0.003290	0.005958	0.011062
OpenstatServiceName	STRING	57	60	116	1000000	35	81	0	30.172414	69.827586	0.000000	240681	759319	0	24.068100	75.931900	0.000000	19232.000000	17819.000000	0.926529	17230.143002	2001.856998	0.895910	4062525.000000	0.004734	0.004386	0.004241	0.000348	0.000348	rle-dict	14225.000000	0.739653	rle-dict	32	27.586207	209335	20.933500	19232.000000	17819.000000	14225.000000	0	0	0	0	57	60	116	0.002114	0.004650	0.007738	116	0.002528	0.004411	0.006728	35	0.002114	0.004303	0.006664	35	0.002533	0.005024	0.006680	81	0.002528	0.004262	0.006728	81	0.002679	0.004942	0.007738
PageCharset	STRING	85	60	144	1000000	40	104	0	27.777778	72.222222	0.000000	313297	686703	0	31.329700	68.670300	0.000000	14612.000000	10012.000000	0.685190	9562.901859	5049.098141	0.654455	17594801.000000	0.000830	0.000569	0.000544	0.000261	0.000261	rle-dict	6830.000000	0.467424	rle-dict	38	26.388889	306082	30.608200	14612.000000	10012.000000	6830.000000	0	0	0	0	85	60	144	0.000548	0.000782	0.002644	144	0.000358	0.000482	0.001755	40	0.000548	0.000733	0.001245	40	0.000651	0.000815	0.001755	104	0.000358	0.000429	0.001751	104	0.000603	0.000854	0.002644
NetMinor	INT(16,true)	57	60	116	1000000	58	58	0	50.000000	50.000000	0.000000	453837	546163	0	45.383700	54.616300	0.000000	24917.000000	24001.000000	0.963238	22474.413499	2442.586501	0.901971	4003586.000000	0.006224	0.005995	0.005614	0.000229	0.000229	rle-dict	21625.000000	0.867881	rle-dict	21	18.103448	188301	18.830100	24917.000000	24001.000000	21625.000000	0	0	0	0	57	60	116	0.003287	0.005374	0.009845	116	0.003897	0.006114	0.008300	58	0.003287	0.004226	0.007324	58	0.003897	0.005277	0.007695	58	0.003933	0.007043	0.008300	58	0.004261	0.008388	0.009845
OpenstatCampaignID	STRING	57	60	116	1000000	50	66	0	43.103448	56.896552	0.000000	359749	640251	0	35.974900	64.025100	0.000000	16542.000000	15897.000000	0.961008	14956.504812	1585.495188	0.904153	4025605.000000	0.004109	0.003949	0.003715	0.000160	0.000160	rle-dict	11958.000000	0.722887	rle-dict	40	34.482759	278097	27.809700	16542.000000	15897.000000	11958.000000	0	0	0	0	57	60	116	0.001787	0.004294	0.006886	116	0.002051	0.004162	0.005818	50	0.001787	0.003064	0.005484	50	0.002055	0.003804	0.005818	66	0.002051	0.004201	0.005437	66	0.002182	0.004707	0.006886
OpenstatAdID	STRING	57	60	116	1000000	46	70	0	39.655172	60.344828	0.000000	329773	670227	0	32.977300	67.022700	0.000000	19026.000000	18400.000000	0.967098	17478.632597	1547.367403	0.918671	4029111.000000	0.004722	0.004567	0.004338	0.000155	0.000155	rle-dict	12011.000000	0.631294	rle-dict	32	27.586207	222835	22.283500	19026.000000	18400.000000	12011.000000	0	0	0	0	57	60	116	0.000641	0.004842	0.008959	116	0.001305	0.004616	0.008174	46	0.000641	0.002816	0.006983	46	0.001305	0.003650	0.008174	70	0.001370	0.005533	0.008145	70	0.001947	0.006059	0.008959
OpenstatSourceID	STRING	57	60	116	1000000	63	53	0	54.310345	45.689655	0.000000	502301	497699	0	50.230100	49.769900	0.000000	13322.000000	12930.000000	0.970575	11557.698357	1764.301643	0.867565	4051759.000000	0.003288	0.003191	0.002853	0.000097	0.000097	rle-dict	9015.000000	0.676700	rle-dict	8	6.896552	50013	5.001300	13322.000000	12930.000000	9015.000000	0	0	0	0	57	60	116	0.000641	0.002126	0.007188	116	0.001270	0.002528	0.005901	63	0.000641	0.000768	0.005069	63	0.001270	0.001513	0.005901	53	0.001534	0.004505	0.005852	53	0.001805	0.005451	0.007188
NetMajor	INT(16,true)	57	60	116	1000000	64	52	0	55.172414	44.827586	0.000000	500986	499014	0	50.098600	49.901400	0.000000	26145.000000	26304.000000	1.006081	24099.124616	2045.875384	0.921749	4003587.000000	0.006530	0.006570	0.006019	-0.000040	0.000040	plain	23688.000000	0.906024	rle-dict	23	19.827586	179992	17.999200	26145.000000	26304.000000	23688.000000	0	0	0	0	57	60	116	0.003430	0.005738	0.010876	116	0.003593	0.006892	0.009106	64	0.003430	0.004608	0.009005	64	0.003594	0.006007	0.009106	52	0.003593	0.007565	0.009105	52	0.004208	0.008707	0.010876
UTMTerm	STRING	57	60	116	1000000	52	64	0	44.827586	55.172414	0.000000	402277	597723	0	40.227700	59.772300	0.000000	15728.000000	16158.000000	1.027340	14115.203900	1612.796100	0.897457	4032776.000000	0.003900	0.004007	0.003500	-0.000107	0.000107	plain	10127.000000	0.643884	rle-dict	38	32.758621	300115	30.011500	15728.000000	16158.000000	10127.000000	0	0	0	0	57	60	116	0.000641	0.003811	0.016184	116	0.001305	0.003681	0.021155	52	0.000641	0.003518	0.016184	52	0.001305	0.004545	0.021155	64	0.001369	0.003549	0.009203	64	0.002128	0.003919	0.016184
ParamCurrency	STRING	57	60	116	1000000	115	1	0	99.137931	0.862069	0.000000	996017	3983	0	99.601700	0.398300	0.000000	5261.000000	6232.000000	1.184566	5236.915779	24.084221	0.995422	7003303.000000	0.000751	0.000890	0.000748	-0.000139	0.000139	plain	4132.000000	0.785402	rle-dict	114	98.275862	993054	99.305400	5261.000000	6232.000000	4132.000000	0	0	0	0	57	60	116	0.000711	0.000734	0.002935	116	0.000762	0.000879	0.002076	115	0.000711	0.000734	0.000801	115	0.000762	0.000879	0.002076	1	0.002073	0.002073	0.002073	1	0.002935	0.002935	0.002935
ParamPrice	INT(64,true)	57	60	116	1000000	115	1	0	99.137931	0.862069	0.000000	996017	3983	0	99.601700	0.398300	0.000000	5725.000000	7492.000000	1.308646	5708.957673	16.042327	0.997198	8004440.000000	0.000715	0.000936	0.000713	-0.000221	0.000221	plain	5332.000000	0.931354	rle-dict	83	71.551724	764782	76.478200	5725.000000	7492.000000	5332.000000	0	0	0	0	57	60	116	0.000653	0.000683	0.002693	116	0.000802	0.000924	0.002194	115	0.000653	0.000681	0.000788	115	0.000802	0.000924	0.002194	1	0.002190	0.002190	0.002190	1	0.002693	0.002693	0.002693
SilverlightVersion3	INT(32,true)	57	60	116	1000000	70	46	0	60.344828	39.655172	0.000000	640580	359420	0	64.058000	35.942000	0.000000	123785.000000	124901.000000	1.009016	120463.607410	3321.392590	0.973168	4003588.000000	0.030919	0.031197	0.030089	-0.000279	0.000279	plain	117581.000000	0.949881	rle-dict	39	33.620690	399313	39.931300	123785.000000	124901.000000	117581.000000	0	0	0	0	57	60	116	0.024422	0.030080	0.052424	116	0.026048	0.030079	0.047061	70	0.024422	0.027380	0.044999	70	0.026051	0.029123	0.046548	46	0.026048	0.031670	0.047061	46	0.026136	0.033014	0.052424
UTMContent	STRING	57	60	116	1000000	65	51	0	56.034483	43.965517	0.000000	577387	422613	0	57.738700	42.261300	0.000000	13966.000000	15105.000000	1.081555	13056.590971	909.409029	0.934884	4016539.000000	0.003477	0.003761	0.003251	-0.000284	0.000284	plain	9473.000000	0.678290	rle-dict	50	43.103448	481935	48.193500	13966.000000	15105.000000	9473.000000	0	0	0	0	57	60	116	0.000641	0.003405	0.008679	116	0.001305	0.003398	0.011486	65	0.000641	0.003097	0.008679	65	0.001305	0.003701	0.011486	51	0.001362	0.003288	0.007304	51	0.001715	0.003750	0.008679
JavascriptEnable	INT(16,true)	57	60	116	1000000	101	15	0	87.068966	12.931034	0.000000	934689	65311	0	93.468900	6.531100	0.000000	6510.000000	7740.000000	1.188940	6458.948987	51.051013	0.992158	4003542.000000	0.001626	0.001933	0.001613	-0.000307	0.000307	plain	5608.000000	0.861444	rle-dict	69	59.482759	719180	71.918000	6510.000000	7740.000000	5608.000000	0	0	0	0	57	60	116	0.001093	0.001543	0.005128	116	0.001551	0.001822	0.004708	101	0.001093	0.001470	0.004097	101	0.001552	0.001823	0.004708	15	0.001551	0.001752	0.003657	15	0.001619	0.001972	0.005128
CodeVersion	INT(32,true)	57	60	116	1000000	103	13	0	88.793103	11.206897	0.000000	953155	46845	0	95.315500	4.684500	0.000000	7064.000000	8314.000000	1.176954	7012.664304	51.335696	0.992733	4003550.000000	0.001764	0.002077	0.001752	-0.000312	0.000312	plain	6086.000000	0.861552	rle-dict	77	66.379310	809878	80.987800	7064.000000	8314.000000	6086.000000	0	0	0	0	57	60	116	0.001093	0.001665	0.005815	116	0.001551	0.002021	0.004708	103	0.001093	0.001634	0.004462	103	0.001552	0.002026	0.004708	13	0.001551	0.001825	0.004088	13	0.001634	0.001989	0.005815
CookieEnable	INT(16,true)	57	60	116	1000000	102	14	0	87.931034	12.068966	0.000000	958225	41775	0	95.822500	4.177500	0.000000	6094.000000	7425.000000	1.218412	6030.152727	63.847273	0.989523	4003537.000000	0.001522	0.001855	0.001506	-0.000332	0.000332	plain	5337.000000	0.875779	rle-dict	73	62.931034	808079	80.807900	6094.000000	7425.000000	5337.000000	0	0	0	0	57	60	116	0.001116	0.001368	0.005940	116	0.001346	0.001747	0.004850	102	0.001116	0.001333	0.004645	102	0.001346	0.001784	0.004850	14	0.001487	0.001586	0.004088	14	0.001510	0.001777	0.005940
GoodEvent	INT(16,true)	57	60	116	1000000	115	1	0	99.137931	0.862069	0.000000	996017	3983	0	99.601700	0.398300	0.000000	4925.000000	6292.000000	1.277563	4901.489202	23.510798	0.995226	4003531.000000	0.001230	0.001572	0.001224	-0.000341	0.000341	plain	4372.000000	0.887716	rle-dict	98	84.482759	855793	85.579300	4925.000000	6292.000000	4372.000000	0	0	0	0	57	60	116	0.001093	0.001142	0.005128	116	0.001346	0.001553	0.003668	115	0.001093	0.001139	0.001401	115	0.001346	0.001552	0.003668	1	0.003657	0.003657	0.003657	1	0.005128	0.005128	0.005128
EventDate	DATE	57	60	116	1000000	115	1	0	99.137931	0.862069	0.000000	996017	3983	0	99.601700	0.398300	0.000000	4923.000000	6292.000000	1.278082	4899.489202	23.510798	0.995224	4003529.000000	0.001230	0.001572	0.001224	-0.000342	0.000342	plain	4372.000000	0.888076	rle-dict	98	84.482759	855793	85.579300	4923.000000	6292.000000	4372.000000	0	0	0	0	57	60	116	0.001093	0.001142	0.005128	116	0.001346	0.001553	0.003668	115	0.001093	0.001139	0.001401	115	0.001346	0.001552	0.003668	1	0.003657	0.003657	0.003657	1	0.005128	0.005128	0.005128
CounterID	INT(32,true)	57	60	116	1000000	115	1	0	99.137931	0.862069	0.000000	996017	3983	0	99.601700	0.398300	0.000000	4941.000000	6343.000000	1.283748	4917.489202	23.510798	0.995242	4003530.000000	0.001234	0.001584	0.001228	-0.000350	0.000350	plain	4399.000000	0.890306	rle-dict	98	84.482759	860849	86.084900	4941.000000	6343.000000	4399.000000	0	0	0	0	57	60	116	0.001093	0.001224	0.005128	116	0.001346	0.001556	0.003668	115	0.001093	0.001187	0.001401	115	0.001346	0.001556	0.003668	1	0.003657	0.003657	0.003657	1	0.005128	0.005128	0.005128
IsDownload	INT(16,true)	57	60	116	1000000	96	20	0	82.758621	17.241379	0.000000	852847	147153	0	85.284700	14.715300	0.000000	8096.000000	9596.000000	1.185277	7861.940677	234.059323	0.971090	4003551.000000	0.002022	0.002397	0.001964	-0.000375	0.000375	plain	7568.000000	0.934783	rle-dict	56	48.275862	616741	61.674100	8096.000000	9596.000000	7568.000000	0	0	0	0	57	60	116	0.000942	0.001128	0.007691	116	0.001346	0.001584	0.005214	96	0.000942	0.001120	0.004246	96	0.001346	0.001567	0.005214	20	0.001617	0.003602	0.005199	20	0.001922	0.003993	0.007691
CLID	INT(32,true)	57	60	116	1000000	109	7	0	93.965517	6.034483	0.000000	951412	48588	0	95.141200	4.858800	0.000000	5641.000000	7234.000000	1.282397	5599.250317	41.749683	0.992599	4003542.000000	0.001409	0.001807	0.001399	-0.000398	0.000398	plain	5230.000000	0.927141	rle-dict	80	68.965517	823352	82.335200	5641.000000	7234.000000	5230.000000	0	0	0	0	57	60	116	0.000942	0.001129	0.006378	116	0.001346	0.001617	0.004171	109	0.000942	0.001127	0.002228	109	0.001346	0.001581	0.004171	7	0.001736	0.002125	0.004159	7	0.001757	0.002133	0.006378
MobilePhone	INT(16,true)	57	60	116	1000000	79	37	0	68.103448	31.896552	0.000000	714212	285788	0	71.421200	28.578800	0.000000	22518.000000	24212.000000	1.075229	21802.078727	715.921273	0.968207	4003586.000000	0.005624	0.006048	0.005446	-0.000423	0.000423	plain	20654.000000	0.917222	rle-dict	41	35.344828	363882	36.388200	22518.000000	24212.000000	20654.000000	0	0	0	0	57	60	116	0.002989	0.005814	0.009801	116	0.004169	0.006058	0.011182	79	0.002989	0.004601	0.009692	79	0.004170	0.005706	0.011182	37	0.004169	0.006493	0.008476	37	0.004601	0.006994	0.009801
SocialSourceNetworkID	INT(16,true)	57	60	116	1000000	112	4	0	96.551724	3.448276	0.000000	995467	4533	0	99.546700	0.453300	0.000000	5318.000000	7223.000000	1.358217	5305.162613	12.837387	0.997586	4003530.000000	0.001328	0.001804	0.001325	-0.000476	0.000476	plain	5036.000000	0.946973	rle-dict	67	57.758621	731145	73.114500	5318.000000	7223.000000	5036.000000	0	0	0	0	57	60	116	0.000958	0.001270	0.004440	116	0.001348	0.001800	0.003668	112	0.000958	0.001248	0.002044	112	0.001348	0.001801	0.003668	4	0.001348	0.001567	0.003657	4	0.001411	0.001866	0.004440
SilverlightVersion4	INT(16,true)	57	60	116	1000000	115	1	0	99.137931	0.862069	0.000000	996017	3983	0	99.601700	0.398300	0.000000	4368.000000	6401.000000	1.465430	4355.489202	12.510798	0.997136	4003528.000000	0.001091	0.001599	0.001088	-0.000508	0.000508	plain	4447.000000	1.018086	plain	58	50.000000	637250	63.725000	4368.000000	6401.000000	4447.000000	0	0	0	0	57	60	116	0.000953	0.001114	0.004440	116	0.001346	0.001559	0.003668	115	0.000953	0.001114	0.001390	115	0.001346	0.001558	0.003668	1	0.003657	0.003657	0.003657	1	0.004440	0.004440	0.004440
CounterClass	INT(16,true)	57	60	116	1000000	115	1	0	99.137931	0.862069	0.000000	996017	3983	0	99.601700	0.398300	0.000000	4240.000000	6292.000000	1.483962	4227.489202	12.510798	0.997049	4003529.000000	0.001059	0.001572	0.001056	-0.000513	0.000513	plain	4372.000000	1.031132	plain	57	49.137931	632691	63.269100	4240.000000	6292.000000	4372.000000	0	0	0	0	57	60	116	0.000942	0.000984	0.004440	116	0.001346	0.001553	0.003668	115	0.000942	0.000982	0.001203	115	0.001346	0.001552	0.003668	1	0.003657	0.003657	0.003657	1	0.004440	0.004440	0.004440
HTTPError	INT(16,true)	57	60	116	1000000	115	1	0	99.137931	0.862069	0.000000	996017	3983	0	99.601700	0.398300	0.000000	4240.000000	6292.000000	1.483962	4227.489202	12.510798	0.997049	4003529.000000	0.001059	0.001572	0.001056	-0.000513	0.000513	plain	4372.000000	1.031132	plain	57	49.137931	632691	63.269100	4240.000000	6292.000000	4372.000000	0	0	0	0	57	60	116	0.000942	0.000984	0.004440	116	0.001346	0.001553	0.003668	115	0.000942	0.000982	0.001203	115	0.001346	0.001552	0.003668	1	0.003657	0.003657	0.003657	1	0.004440	0.004440	0.004440
IsEvent	INT(16,true)	57	60	116	1000000	115	1	0	99.137931	0.862069	0.000000	996017	3983	0	99.601700	0.398300	0.000000	4240.000000	6292.000000	1.483962	4227.489202	12.510798	0.997049	4003529.000000	0.001059	0.001572	0.001056	-0.000513	0.000513	plain	4372.000000	1.031132	plain	57	49.137931	632691	63.269100	4240.000000	6292.000000	4372.000000	0	0	0	0	57	60	116	0.000942	0.000984	0.004440	116	0.001346	0.001553	0.003668	115	0.000942	0.000982	0.001203	115	0.001346	0.001552	0.003668	1	0.003657	0.003657	0.003657	1	0.004440	0.004440	0.004440
IsOldCounter	INT(16,true)	57	60	116	1000000	115	1	0	99.137931	0.862069	0.000000	996017	3983	0	99.601700	0.398300	0.000000	4240.000000	6292.000000	1.483962	4227.489202	12.510798	0.997049	4003529.000000	0.001059	0.001572	0.001056	-0.000513	0.000513	plain	4372.000000	1.031132	plain	57	49.137931	632691	63.269100	4240.000000	6292.000000	4372.000000	0	0	0	0	57	60	116	0.000942	0.000984	0.004440	116	0.001346	0.001553	0.003668	115	0.000942	0.000982	0.001203	115	0.001346	0.001552	0.003668	1	0.003657	0.003657	0.003657	1	0.004440	0.004440	0.004440
IsParameter	INT(16,true)	57	60	116	1000000	115	1	0	99.137931	0.862069	0.000000	996017	3983	0	99.601700	0.398300	0.000000	4240.000000	6292.000000	1.483962	4227.489202	12.510798	0.997049	4003529.000000	0.001059	0.001572	0.001056	-0.000513	0.000513	plain	4372.000000	1.031132	plain	57	49.137931	632691	63.269100	4240.000000	6292.000000	4372.000000	0	0	0	0	57	60	116	0.000942	0.000984	0.004440	116	0.001346	0.001553	0.003668	115	0.000942	0.000982	0.001203	115	0.001346	0.001552	0.003668	1	0.003657	0.003657	0.003657	1	0.004440	0.004440	0.004440
ParamCurrencyID	INT(16,true)	57	60	116	1000000	115	1	0	99.137931	0.862069	0.000000	996017	3983	0	99.601700	0.398300	0.000000	4240.000000	6292.000000	1.483962	4227.489202	12.510798	0.997049	4003529.000000	0.001059	0.001572	0.001056	-0.000513	0.000513	plain	4372.000000	1.031132	plain	57	49.137931	632691	63.269100	4240.000000	6292.000000	4372.000000	0	0	0	0	57	60	116	0.000942	0.000984	0.004440	116	0.001346	0.001553	0.003668	115	0.000942	0.000982	0.001203	115	0.001346	0.001552	0.003668	1	0.003657	0.003657	0.003657	1	0.004440	0.004440	0.004440
WithHash	INT(16,true)	57	60	116	1000000	115	1	0	99.137931	0.862069	0.000000	996017	3983	0	99.601700	0.398300	0.000000	4240.000000	6292.000000	1.483962	4227.489202	12.510798	0.997049	4003529.000000	0.001059	0.001572	0.001056	-0.000513	0.000513	plain	4372.000000	1.031132	plain	57	49.137931	632691	63.269100	4240.000000	6292.000000	4372.000000	0	0	0	0	57	60	116	0.000942	0.000984	0.004440	116	0.001346	0.001553	0.003668	115	0.000942	0.000982	0.001203	115	0.001346	0.001552	0.003668	1	0.003657	0.003657	0.003657	1	0.004440	0.004440	0.004440
OpenerName	INT(32,true)	57	60	116	1000000	115	1	0	99.137931	0.862069	0.000000	996017	3983	0	99.601700	0.398300	0.000000	4239.000000	6292.000000	1.484312	4226.489202	12.510798	0.997049	4003528.000000	0.001059	0.001572	0.001056	-0.000513	0.000513	plain	4372.000000	1.031375	plain	56	48.275862	613374	61.337400	4239.000000	6292.000000	4372.000000	0	0	0	0	57	60	116	0.000929	0.000984	0.004440	116	0.001346	0.001553	0.003668	115	0.000929	0.000982	0.001203	115	0.001346	0.001552	0.003668	1	0.003657	0.003657	0.003657	1	0.004440	0.004440	0.004440
SocialSourcePage	STRING	57	60	116	1000000	102	14	0	87.931034	12.068966	0.000000	962871	37129	0	96.287100	3.712900	0.000000	4856.000000	6940.000000	1.429160	4759.791848	96.208152	0.980188	4003989.000000	0.001213	0.001733	0.001189	-0.000520	0.000520	plain	4352.000000	0.896211	rle-dict	36	31.034483	359772	35.977200	4856.000000	6940.000000	4352.000000	0	0	0	0	57	60	116	0.000648	0.000779	0.002943	116	0.001141	0.001519	0.003449	102	0.000648	0.000767	0.002943	102	0.001142	0.001590	0.003449	14	0.001141	0.001296	0.001818	14	0.001357	0.002002	0.002806
ParamOrderID	STRING	57	60	116	1000000	116	0	0	100.000000	0.000000	0.000000	1000000	0	0	100.000000	0.000000	0.000000	2872.000000	5332.000000	1.856546	2872.000000	0.000000	1.000000	4002161.000000	0.000718	0.001332	0.000718	-0.000615	0.000615	plain	3412.000000	1.188022	plain	15	12.931034	7400	0.740000	2872.000000	5332.000000	3412.000000	0	0	0	0	57	60	116	0.000641	0.000669	0.002943	116	0.001139	0.001316	0.003093	116	0.000641	0.000669	0.002943	116	0.001139	0.001316	0.003093	0	0.000000	0.000000	0.000000	0	0.000000	0.000000	0.000000
Params	STRING	57	60	116	1000000	116	0	0	100.000000	0.000000	0.000000	1000000	0	0	100.000000	0.000000	0.000000	2872.000000	5332.000000	1.856546	2872.000000	0.000000	1.000000	4002161.000000	0.000718	0.001332	0.000718	-0.000615	0.000615	plain	3412.000000	1.188022	plain	15	12.931034	7400	0.740000	2872.000000	5332.000000	3412.000000	0	0	0	0	57	60	116	0.000641	0.000669	0.002943	116	0.001139	0.001316	0.003093	116	0.000641	0.000669	0.002943	116	0.001139	0.001316	0.003093	0	0.000000	0.000000	0.000000	0	0.000000	0.000000	0.000000
SocialAction	STRING	57	60	116	1000000	116	0	0	100.000000	0.000000	0.000000	1000000	0	0	100.000000	0.000000	0.000000	2872.000000	5332.000000	1.856546	2872.000000	0.000000	1.000000	4002161.000000	0.000718	0.001332	0.000718	-0.000615	0.000615	plain	3412.000000	1.188022	plain	15	12.931034	7400	0.740000	2872.000000	5332.000000	3412.000000	0	0	0	0	57	60	116	0.000641	0.000669	0.002943	116	0.001139	0.001316	0.003093	116	0.000641	0.000669	0.002943	116	0.001139	0.001316	0.003093	0	0.000000	0.000000	0.000000	0	0.000000	0.000000	0.000000
SocialNetwork	STRING	57	60	116	1000000	116	0	0	100.000000	0.000000	0.000000	1000000	0	0	100.000000	0.000000	0.000000	2872.000000	5332.000000	1.856546	2872.000000	0.000000	1.000000	4002161.000000	0.000718	0.001332	0.000718	-0.000615	0.000615	plain	3412.000000	1.188022	plain	15	12.931034	7400	0.740000	2872.000000	5332.000000	3412.000000	0	0	0	0	57	60	116	0.000641	0.000669	0.002943	116	0.001139	0.001316	0.003093	116	0.000641	0.000669	0.002943	116	0.001139	0.001316	0.003093	0	0.000000	0.000000	0.000000	0	0.000000	0.000000	0.000000
OS	INT(16,true)	57	60	116	1000000	85	31	0	73.275862	26.724138	0.000000	739875	260125	0	73.987500	26.012500	0.000000	105905.000000	121811.000000	1.150191	104069.949406	1835.050594	0.982673	4003587.000000	0.026453	0.030425	0.025994	-0.003973	0.003973	plain	114162.000000	1.077966	plain	18	15.517241	170271	17.027100	105905.000000	121811.000000	114162.000000	0	0	0	0	57	60	116	0.013235	0.029781	0.045263	116	0.024852	0.030126	0.046963	85	0.013235	0.020808	0.045009	85	0.024852	0.026987	0.046963	31	0.025840	0.032288	0.045225	31	0.030426	0.033495	0.045263
ResolutionWidth	INT(16,true)	57	60	116	1000000	102	14	0	87.931034	12.068966	0.000000	868251	131749	0	86.825100	13.174900	0.000000	187141.000000	205670.000000	1.099011	186465.934275	675.065725	0.996393	4003584.000000	0.046743	0.051371	0.046575	-0.004628	0.004628	plain	185893.000000	0.993331	rle-dict	45	38.793103	336309	33.630900	187141.000000	205670.000000	185893.000000	0	0	0	0	57	60	116	0.036568	0.046252	0.073651	116	0.043267	0.049834	0.072840	102	0.036568	0.042562	0.069904	102	0.043267	0.049627	0.072840	14	0.044316	0.050231	0.072765	14	0.046252	0.051141	0.073651
SendTiming	INT(32,true)	57	60	116	1000000	112	4	0	96.551724	3.448276	0.000000	962463	37537	0	96.246300	3.753700	0.000000	61444.000000	80125.000000	1.304033	59621.993194	1822.006806	0.970347	4003537.000000	0.015347	0.020014	0.014892	-0.004666	0.004666	plain	55926.000000	0.910195	rle-dict	76	65.517241	804538	80.453800	61444.000000	80125.000000	55926.000000	0	0	0	0	57	60	116	0.000953	0.001149	0.189568	116	0.001346	0.001694	0.239365	112	0.000953	0.001139	0.189568	112	0.001346	0.001693	0.239365	4	0.001691	0.001732	0.061010	4	0.001787	0.002391	0.095743
ResolutionHeight	INT(16,true)	57	60	116	1000000	111	5	0	95.689655	4.310345	0.000000	960461	39539	0	96.046100	3.953900	0.000000	186024.000000	208351.000000	1.120022	185730.576702	293.423298	0.998423	4003586.000000	0.046464	0.052041	0.046391	-0.005577	0.005577	plain	185847.000000	0.999049	rle-dict	50	43.103448	402029	40.202900	186024.000000	208351.000000	185847.000000	0	0	0	0	57	60	116	0.036160	0.046084	0.073118	116	0.043112	0.051107	0.077159	111	0.036160	0.044088	0.073118	111	0.043112	0.051111	0.077159	5	0.045429	0.046419	0.066677	5	0.046046	0.050618	0.068525
DNSTiming	INT(32,true)	57	60	116	1000000	102	14	0	87.931034	12.068966	0.000000	891026	108974	0	89.102600	10.897400	0.000000	135564.000000	158368.000000	1.168216	134858.968097	705.031903	0.994799	4003585.000000	0.033861	0.039557	0.033685	-0.005696	0.005696	plain	121253.000000	0.894434	rle-dict	92	79.310345	838014	83.801400	135564.000000	158368.000000	121253.000000	0	0	0	0	57	60	116	0.017361	0.036388	0.072030	116	0.022212	0.041041	0.093832	102	0.017361	0.025310	0.072030	102	0.022212	0.030405	0.093832	14	0.037538	0.043927	0.050159	14	0.039677	0.044380	0.057003
UserAgentMajor	INT(16,true)	57	60	116	1000000	96	20	0	82.758621	17.241379	0.000000	813364	186636	0	81.336400	18.663600	0.000000	154189.000000	180166.000000	1.168475	152823.016742	1365.983258	0.991141	4003585.000000	0.038513	0.045001	0.038172	-0.006488	0.006488	plain	171314.000000	1.111065	plain	24	20.689655	207761	20.776100	154189.000000	180166.000000	171314.000000	0	0	0	0	57	60	116	0.018623	0.040083	0.063361	116	0.038973	0.043758	0.064088	96	0.018623	0.035409	0.063361	96	0.038973	0.043654	0.064088	20	0.039631	0.044360	0.062396	20	0.041313	0.045611	0.063361
ConnectTiming	INT(32,true)	57	60	116	1000000	107	9	0	92.241379	7.758621	0.000000	979098	20902	0	97.909800	2.090200	0.000000	333314.000000	380387.000000	1.141227	333253.021593	60.978407	0.999817	4003600.000000	0.083254	0.095011	0.083238	-0.011758	0.011758	plain	290123.000000	0.870419	rle-dict	101	87.068966	960340	96.034000	333314.000000	380387.000000	290123.000000	0	0	0	0	57	60	116	0.038599	0.086658	0.130182	116	0.043169	0.109108	0.154128	107	0.038599	0.103548	0.130182	107	0.043169	0.118808	0.154128	9	0.045598	0.052322	0.056205	9	0.047632	0.056085	0.062826
RegionID	INT(32,true)	57	60	116	1000000	115	1	0	99.137931	0.862069	0.000000	991605	8395	0	99.160500	0.839500	0.000000	191174.000000	248192.000000	1.298252	191151.333504	22.666496	0.999881	4003586.000000	0.047751	0.061992	0.047745	-0.014242	0.014242	plain	199962.000000	1.045969	plain	43	37.068966	363008	36.300800	191174.000000	248192.000000	199962.000000	0	0	0	0	57	60	116	0.034518	0.048718	0.090677	116	0.045375	0.056382	0.135463	115	0.034518	0.048718	0.090677	115	0.045375	0.056388	0.135463	1	0.054502	0.054502	0.054502	1	0.055176	0.055176	0.055176
Robotness	INT(16,true)	57	60	116	1000000	115	1	0	99.137931	0.862069	0.000000	998589	1411	0	99.858900	0.141100	0.000000	173697.000000	243015.000000	1.399074	173680.441956	16.558044	0.999905	4003586.000000	0.043385	0.060699	0.043381	-0.017314	0.017314	plain	207445.000000	1.194292	plain	7	6.034483	74863	7.486300	173697.000000	243015.000000	207445.000000	0	0	0	0	57	60	116	0.026178	0.043231	0.069513	116	0.047064	0.059885	0.088932	115	0.026178	0.043231	0.069513	115	0.047064	0.059021	0.088932	1	0.064474	0.064474	0.064474	1	0.067406	0.067406	0.067406
WindowName	INT(32,true)	57	60	116	1000000	98	18	0	84.482759	15.517241	0.000000	949167	50833	0	94.916700	5.083300	0.000000	70817.000000	148984.000000	2.103789	70003.391443	813.608557	0.988511	4003578.000000	0.017688	0.037213	0.017485	-0.019524	0.019524	plain	73461.000000	1.037336	plain	74	63.793103	821351	82.135100	70817.000000	148984.000000	73461.000000	0	0	0	0	57	60	116	0.001313	0.002270	0.209216	116	0.001569	0.002572	0.448477	98	0.001313	0.002162	0.209216	98	0.001570	0.002639	0.448477	18	0.001569	0.002053	0.079249	18	0.001846	0.002430	0.094152
Interests	INT(16,true)	57	60	116	1000000	116	0	0	100.000000	0.000000	0.000000	1000000	0	0	100.000000	0.000000	0.000000	193520.000000	310229.000000	1.603085	193520.000000	0.000000	1.000000	4003584.000000	0.048337	0.077488	0.048337	-0.029151	0.029151	plain	243308.000000	1.257276	plain	16	13.793103	117817	11.781700	193520.000000	310229.000000	243308.000000	0	0	0	0	57	60	116	0.038894	0.046197	0.078025	116	0.054316	0.075356	0.133485	116	0.038894	0.046197	0.078025	116	0.054316	0.075356	0.133485	0	0.000000	0.000000	0.000000	0	0.000000	0.000000	0.000000
ResponseEndTiming	INT(32,true)	57	60	116	1000000	112	4	0	96.551724	3.448276	0.000000	992596	7404	0	99.259600	0.740400	0.000000	937782.000000	1056836.000000	1.126953	937312.644110	469.355890	0.999500	4003641.000000	0.234232	0.263969	0.234115	-0.029736	0.029736	plain	808122.000000	0.861738	rle-dict	112	96.551724	992596	99.259600	937782.000000	1056836.000000	808122.000000	0	0	0	0	57	60	116	0.154062	0.201261	0.328791	116	0.161595	0.230432	0.388091	112	0.154062	0.203473	0.328791	112	0.161617	0.231967	0.388091	4	0.161595	0.178995	0.233521	4	0.168662	0.187511	0.249822
FetchTiming	INT(32,true)	57	60	116	1000000	114	2	0	98.275862	1.724138	0.000000	992406	7594	0	99.240600	0.759400	0.000000	549819.000000	695763.000000	1.265440	548560.344618	1258.655382	0.997711	4003625.000000	0.137330	0.173783	0.137016	-0.036453	0.036453	plain	479502.000000	0.872109	rle-dict	111	95.689655	961872	96.187200	549819.000000	695763.000000	479502.000000	0	0	0	0	57	60	116	0.049769	0.120484	0.191446	116	0.062320	0.152555	0.258477	114	0.049769	0.121329	0.191446	114	0.062320	0.152638	0.258477	2	0.062330	0.078319	0.094308	2	0.106063	0.108200	0.110336
WindowClientWidth	INT(16,true)	57	60	116	1000000	116	0	0	100.000000	0.000000	0.000000	1000000	0	0	100.000000	0.000000	0.000000	305751.000000	475942.000000	1.556633	305751.000000	0.000000	1.000000	4003589.000000	0.076369	0.118879	0.076369	-0.042510	0.042510	plain	387158.000000	1.266253	plain	2	1.724138	6946	0.694600	305751.000000	475942.000000	387158.000000	0	0	0	0	57	60	116	0.061715	0.073795	0.126578	116	0.080314	0.120044	0.164887	116	0.061715	0.073795	0.126578	116	0.080314	0.120044	0.164887	0	0.000000	0.000000	0.000000	0	0.000000	0.000000	0.000000
FUniqID	INT(64,true)	57	60	116	1000000	116	0	0	100.000000	0.000000	0.000000	1000000	0	0	100.000000	0.000000	0.000000	694033.000000	1065272.000000	1.534901	694033.000000	0.000000	1.000000	8004554.000000	0.086705	0.133083	0.086705	-0.046378	0.046378	plain	457100.000000	0.658614	rle-dict	115	99.137931	999361	99.936100	694033.000000	1065272.000000	457100.000000	0	0	0	0	57	60	116	0.064654	0.084248	0.147685	116	0.098235	0.126698	0.213652	116	0.064654	0.084248	0.147685	116	0.098235	0.126698	0.213652	0	0.000000	0.000000	0.000000	0	0.000000	0.000000	0.000000
UserID	INT(64,true)	57	60	116	1000000	116	0	0	100.000000	0.000000	0.000000	1000000	0	0	100.000000	0.000000	0.000000	618298.000000	1106815.000000	1.790100	618298.000000	0.000000	1.000000	8004550.000000	0.077243	0.138273	0.077243	-0.061030	0.061030	plain	459454.000000	0.743095	rle-dict	115	99.137931	999361	99.936100	618298.000000	1106815.000000	459454.000000	0	0	0	0	57	60	116	0.057317	0.073917	0.134496	116	0.105082	0.133649	0.221801	116	0.057317	0.073917	0.134496	116	0.105082	0.133649	0.221801	0	0.000000	0.000000	0.000000	0	0.000000	0.000000	0.000000
WindowClientHeight	INT(16,true)	57	60	116	1000000	116	0	0	100.000000	0.000000	0.000000	1000000	0	0	100.000000	0.000000	0.000000	319807.000000	591986.000000	1.851073	319807.000000	0.000000	1.000000	4003589.000000	0.079880	0.147864	0.079880	-0.067984	0.067984	plain	463283.000000	1.448633	plain	1	0.862069	9268	0.926800	319807.000000	591986.000000	463283.000000	0	0	0	0	57	60	116	0.055606	0.087650	0.130024	116	0.122339	0.145715	0.180953	116	0.055606	0.087650	0.130024	116	0.122339	0.145715	0.180953	0	0.000000	0.000000	0.000000	0	0.000000	0.000000	0.000000
RemoteIP	INT(32,true)	57	60	116	1000000	114	2	0	98.275862	1.724138	0.000000	988642	11358	0	98.864200	1.135800	0.000000	426607.000000	701005.000000	1.643210	426522.200834	84.799166	0.999801	4003603.000000	0.106556	0.175094	0.106535	-0.068538	0.068538	plain	409421.000000	0.959715	rle-dict	53	45.689655	457679	45.767900	426607.000000	701005.000000	409421.000000	0	0	0	0	57	60	116	0.077174	0.106920	0.181774	116	0.112476	0.173307	0.323336	114	0.077174	0.101575	0.181774	114	0.112476	0.173627	0.323336	2	0.112795	0.117869	0.122942	2	0.115375	0.119965	0.124555
IPNetworkID	INT(32,true)	57	60	116	1000000	116	0	0	100.000000	0.000000	0.000000	1000000	0	0	100.000000	0.000000	0.000000	323783.000000	623466.000000	1.925567	323783.000000	0.000000	1.000000	4003592.000000	0.080873	0.155727	0.080873	-0.074854	0.074854	plain	420742.000000	1.299457	plain	0	0.000000	0	0.000000	323783.000000	623466.000000	420742.000000	0	0	0	0	57	60	116	0.061107	0.079374	0.138459	116	0.130083	0.148532	0.255667	116	0.061107	0.079374	0.138459	116	0.130083	0.148532	0.255667	0	0.000000	0.000000	0.000000	0	0.000000	0.000000	0.000000
ResponseStartTiming	INT(32,true)	57	60	116	1000000	115	1	0	99.137931	0.862069	0.000000	999832	168	0	99.983200	0.016800	0.000000	1245891.000000	1587891.000000	1.274502	1245889.031904	1.968096	0.999998	4003643.000000	0.311189	0.396612	0.311189	-0.085422	0.085422	plain	1011938.000000	0.812220	rle-dict	112	96.551724	998417	99.841700	1245891.000000	1587891.000000	1011938.000000	0	0	0	0	57	60	116	0.185654	0.293878	0.456982	116	0.213042	0.376647	0.626870	115	0.185654	0.298997	0.456982	115	0.213042	0.376685	0.626870	1	0.221506	0.221506	0.221506	1	0.224432	0.224432	0.224432
RefererHash	INT(64,true)	57	60	116	1000000	107	9	0	92.241379	7.758621	0.000000	942696	57304	0	94.269600	5.730400	0.000000	2842003.000000	3530099.000000	1.242117	2825249.993352	16753.006648	0.994105	8004554.000000	0.355048	0.441011	0.352955	-0.085963	0.085963	plain	1297044.000000	0.456384	rle-dict	107	92.241379	942696	94.269600	2842003.000000	3530099.000000	1297044.000000	0	0	0	0	57	60	116	0.096979	0.295110	0.589756	116	0.083988	0.398889	0.647694	107	0.096979	0.300163	0.589756	107	0.103434	0.399135	0.647694	9	0.083988	0.107193	0.472061	9	0.096979	0.119260	0.497971
ClientIP	INT(32,true)	57	60	116	1000000	116	0	0	100.000000	0.000000	0.000000	1000000	0	0	100.000000	0.000000	0.000000	408069.000000	813095.000000	1.992543	408069.000000	0.000000	1.000000	4003599.000000	0.101926	0.203091	0.101926	-0.101165	0.101165	plain	474718.000000	1.163328	plain	9	7.758621	82552	8.255200	408069.000000	813095.000000	474718.000000	0	0	0	0	57	60	116	0.076286	0.100056	0.181492	116	0.162637	0.194141	0.324087	116	0.076286	0.100056	0.181492	116	0.162637	0.194141	0.324087	0	0.000000	0.000000	0.000000	0	0.000000	0.000000	0.000000
URLHash	INT(64,true)	57	60	116	1000000	116	0	0	100.000000	0.000000	0.000000	1000000	0	0	100.000000	0.000000	0.000000	3580480.000000	4558127.000000	1.273049	3580480.000000	0.000000	1.000000	8004551.000000	0.447306	0.569442	0.447306	-0.122136	0.122136	plain	1588718.000000	0.443716	rle-dict	116	100.000000	1000000	100.000000	3580480.000000	4558127.000000	1588718.000000	0	0	0	0	57	60	116	0.316900	0.488560	0.659758	116	0.440634	0.611606	0.758715	116	0.316900	0.488560	0.659758	116	0.440634	0.611606	0.758715	0	0.000000	0.000000	0.000000	0	0.000000	0.000000	0.000000
HID	INT(32,true)	57	60	116	1000000	67	49	0	57.758621	42.241379	0.000000	572460	427540	0	57.246000	42.754000	0.000000	3849795.000000	4492493.000000	1.166943	3743107.892105	106687.107895	0.972288	4003642.000000	0.961573	1.122102	0.934926	-0.160528	0.160528	plain	1751613.000000	0.454989	rle-dict	67	57.758621	572460	57.246000	3849795.000000	4492493.000000	1751613.000000	0	0	0	0	57	60	116	0.630573	1.000156	1.000625	116	0.931866	1.011124	1.376089	67	0.630573	1.000155	1.000625	67	0.931977	1.361660	1.376089	49	0.931866	0.938230	0.939842	49	1.000152	1.000178	1.000182
ClientEventTime	TIMESTAMP(isAdjustedToUTC=true,unit=MILLIS)	57	60	116	1000000	116	0	0	100.000000	0.000000	0.000000	1000000	0	0	100.000000	0.000000	0.000000	2475752.000000	3958950.000000	1.599090	2475752.000000	0.000000	1.000000	8004556.000000	0.309293	0.494587	0.309293	-0.185294	0.185294	plain	1725094.000000	0.696796	rle-dict	87	75.000000	728681	72.868100	2475752.000000	3958950.000000	1725094.000000	0	0	0	0	57	60	116	0.213242	0.377734	0.410821	116	0.400263	0.568750	0.590310	116	0.213242	0.377734	0.410821	116	0.400263	0.568750	0.590310	0	0.000000	0.000000	0.000000	0	0.000000	0.000000	0.000000
LocalEventTime	TIMESTAMP(isAdjustedToUTC=true,unit=MILLIS)	57	60	116	1000000	116	0	0	100.000000	0.000000	0.000000	1000000	0	0	100.000000	0.000000	0.000000	2520192.000000	4023641.000000	1.596561	2520192.000000	0.000000	1.000000	8004555.000000	0.314845	0.502669	0.314845	-0.187824	0.187824	plain	1754762.000000	0.696281	rle-dict	114	98.275862	983123	98.312300	2520192.000000	4023641.000000	1754762.000000	0	0	0	0	57	60	116	0.217579	0.380492	0.410909	116	0.422039	0.567960	0.590164	116	0.217579	0.380492	0.410909	116	0.422039	0.567960	0.590164	0	0.000000	0.000000	0.000000	0	0.000000	0.000000	0.000000
EventTime	TIMESTAMP(isAdjustedToUTC=true,unit=MILLIS)	57	60	116	1000000	116	0	0	100.000000	0.000000	0.000000	1000000	0	0	100.000000	0.000000	0.000000	2517896.000000	4021665.000000	1.597232	2517896.000000	0.000000	1.000000	8004556.000000	0.314558	0.502422	0.314558	-0.187864	0.187864	plain	1754763.000000	0.696916	rle-dict	114	98.275862	983123	98.312300	2517896.000000	4021665.000000	1754763.000000	0	0	0	0	57	60	116	0.217912	0.378640	0.410275	116	0.421917	0.566240	0.589746	116	0.217912	0.378640	0.410275	116	0.421917	0.566240	0.589746	0	0.000000	0.000000	0.000000	0	0.000000	0.000000	0.000000
WatchID	INT(64,true)	57	60	116	1000000	116	0	0	100.000000	0.000000	0.000000	1000000	0	0	100.000000	0.000000	0.000000	8005365.000000	9852495.000000	1.230737	8005365.000000	0.000000	1.000000	8004557.000000	1.000101	1.230861	1.000101	-0.230760	0.230760	plain	1850153.000000	0.231114	rle-dict	116	100.000000	1000000	100.000000	8005365.000000	9852495.000000	1850153.000000	0	0	0	0	57	60	116	1.000093	1.000097	1.000313	116	1.202480	1.234605	1.234801	116	1.000093	1.000097	1.000313	116	1.202480	1.234605	1.234801	0	0.000000	0.000000	0.000000	0	0.000000	0.000000	0.000000
